,PM2.5,temperature,humidity
count,61.0,61.0,61.0
mean,94.63934426229508,25.58715961020676,59.44724189558066
std,28.66765470403026,5.446118478846812,16.89631621290496
min,51.0,15.29325538583586,30.1828620408894
25%,70.0,21.24416512679008,45.581476684956925
50%,92.0,25.570777036289822,63.22596993593292
75%,118.0,29.94524964802403,70.90157676216305
max,147.0,34.972301818524066,88.78872853196115
